{
  "backend": "cb_sync_driver",
  "use_cuda_graph": false,
  "attn_impl": "paged_attention",
  "n_prompts": 8,
  "n_decoded_tokens": 512,
  "wall_times_s": [
    100.8571443540277,
    100.87157070200192
  ],
  "median_wall_s": 100.87157070200192,
  "decode_tps": 5.075761152887835,
  "max_new_tokens": 64,
  "peak_memory_gb": 45.91296434402466
}