{
  "backend": "tpaged",
  "lora_adapter": "outputs/lora_rank32_fresh",
  "attn_impl": "sdpa",
  "persistent_cb": false,
  "n_prompts": 64,
  "n_prompt_tokens": 9129,
  "n_decoded_tokens": 32768,
  "wall_times_s": [
    60.9150581190479,
    56.917108469991945,
    58.08906611002749
  ],
  "median_wall_s": 58.08906611002749,
  "prompt_tps": 157.15522061774251,
  "decode_tps": 564.0992736556235,
  "max_new_tokens": 512,
  "sample_completions": [
    "FirstFirst??? ?                                                                                                                                                                                         ",
    "Let      11111111111111111111111111111111111111111111111111111111111111111111111111111111111111111111111111111111111111111111111111111111111111111111111111111111111111111111111111111111111111111111111",
    "First.$^                                                                                                                                                                                                "
  ],
  "peak_memory_gb": 124.05089378356934,
  "sampling": {
    "temperature": 0.1,
    "top_p": 0.97,
    "min_p": 0.5,
    "top_k": 5
  }
}