{
  "backend": "qwen3_flex",
  "capture_cudagraph": true,
  "lora_adapter": null,
  "n_prompts": 128,
  "n_decoded_tokens": 58443,
  "wall_times_s": [
    11.44752091699047,
    8.989795534987934
  ],
  "median_wall_s": 11.44752091699047,
  "decode_tps": 5105.297507101174,
  "max_new_tokens": 512,
  "peak_memory_gb": 80.88137865066528
}