{
  "backend": "qwen3_flex",
  "capture_cudagraph": true,
  "lora_adapter": "outputs/lora_rank32_fresh",
  "n_prompts": 32,
  "n_decoded_tokens": 14893,
  "wall_times_s": [
    8.811616113001946,
    6.381639341008849
  ],
  "median_wall_s": 8.811616113001946,
  "decode_tps": 1690.1553368881664,
  "max_new_tokens": 512,
  "peak_memory_gb": 43.90812540054321
}