{
  "backend": "qwen3_flex",
  "capture_cudagraph": true,
  "lora_adapter": null,
  "n_prompts": 32,
  "n_decoded_tokens": 14777,
  "wall_times_s": [
    9.13400061900029,
    6.742950548010413
  ],
  "median_wall_s": 9.13400061900029,
  "decode_tps": 1617.8015106832052,
  "max_new_tokens": 512,
  "peak_memory_gb": 43.90812540054321
}