{
  "backend": "vllm",
  "max_steps": 30,
  "train_wall_s": 215.93619061401114,
  "median_step_ms_post_warmup": 5140.9110790118575,
  "n_logged_steps": 30,
  "sampling": {
    "temperature": 0.1,
    "top_p": 0.97,
    "min_p": 0.5,
    "top_k": 5
  },
  "losses": [
    0.0305,
    -0.1941,
    0.2006,
    0.2437,
    0.0,
    0.0,
    0.0,
    0.2403,
    0.0251,
    0.0,
    0.0,
    0.331,
    0.0298,
    0.1561,
    0.4028,
    0.0184,
    0.1807,
    0.2383,
    0.8338,
    0.0,
    -0.0037,
    0.0379,
    0.3886,
    0.1431,
    0.1063,
    -0.0821,
    0.0,
    0.0,
    0.0181,
    0.2357
  ],
  "rewards": [
    0.0,
    -2.5,
    0.0,
    -6.5,
    0.5,
    -7.5,
    -7.5,
    -5.5,
    -3.5,
    -7.5,
    -7.5,
    -5.5,
    -6.5,
    2.875,
    4.75,
    0.625,
    2.75,
    -3.5,
    -3.375,
    -3.5,
    6.0,
    8.25,
    -0.5,
    -4.5,
    3.625,
    0.25,
    -7.5,
    -7.5,
    -1.0,
    -0.75
  ],
  "kls": [
    0.0,
    0.0,
    0.0024282929953187704,
    0.005713047459721565,
    0.011252232827246189,
    0.0008392990566790104,
    0.0047083343379199505,
    0.004438905976712704,
    0.002922436688095331,
    0.001744209323078394,
    0.002685483079403639,
    0.007562238723039627,
    0.01840771734714508,
    0.00663342559710145,
    0.004423078149557114,
    0.004664436914026737,
    0.002878781408071518,
    0.00984956230968237,
    0.0006688942667096853,
    0.013835551217198372,
    0.0076245637610554695,
    0.011878136545419693,
    0.010346058756113052,
    0.009395054541528225,
    0.0016164245316758752,
    0.005659917835146189,
    7.657324022147804e-05,
    0.001502353698015213,
    0.009886534884572029,
    0.0031997335609048605
  ],
  "grad_norms": [
    0.41349539160728455,
    0.8339279294013977,
    0.6402159929275513,
    0.2846885919570923,
    0.00401803245767951,
    0.00014282428310252726,
    0.0015061397571116686,
    0.44619685411453247,
    0.7223323583602905,
    0.0002955764648504555,
    0.0008108518086373806,
    0.9407532215118408,
    0.6642693281173706,
    0.5970175266265869,
    0.2463085651397705,
    0.4361814856529236,
    0.25606873631477356,
    0.38782942295074463,
    0.2885834872722626,
    0.0024749308358877897,
    0.6102232336997986,
    0.8350751996040344,
    0.28949517011642456,
    0.5029579401016235,
    0.3104912340641022,
    0.4499339461326599,
    7.777348946547136e-05,
    0.00013634964125230908,
    0.419629842042923,
    0.22457966208457947
  ],
  "step_times_ms": [
    17866.63037497783,
    6304.458727012388,
    4510.530841012951,
    11239.92098000599,
    2776.7173860338517,
    10157.209870987572,
    4554.909924976528,
    10537.410682998598,
    2670.8698750007898,
    6595.109536021482,
    10160.135700018145,
    3498.259258980397,
    3411.464748030994,
    3980.731577030383,
    10481.332287017722,
    5105.93488701852,
    10356.32998100482,
    10494.073983980343,
    10833.778033033013,
    3094.477139005903,
    3840.9026580047794,
    2903.038158954587,
    10495.372234028764,
    10606.634334020782,
    3563.0593819660135,
    4147.492960037198,
    5140.9110790118575,
    10219.65475397883,
    4818.701309966855,
    10382.734156039078
  ],
  "peak_memory_gb": 159.00153064727783,
  "logs_path": "logs/grpo_vllm_30.json"
}