{
  "backend": "unsloth_fi_false",
  "max_steps": 30,
  "train_wall_s": 1165.377411015972,
  "median_step_ms_post_warmup": 41297.174014966,
  "n_logged_steps": 30,
  "sampling": {
    "temperature": 0.1,
    "top_p": 0.97,
    "min_p": 0.5,
    "top_k": 5
  },
  "losses": [
    0.0,
    -0.0893,
    -0.1912,
    0.4302,
    -0.0144,
    0.0,
    0.0036,
    0.0,
    -0.1558,
    0.018,
    0.1468,
    0.0,
    -0.2741,
    0.096,
    0.0103,
    0.0398,
    0.0139,
    0.3858,
    0.9674,
    0.2627,
    0.0582,
    0.0,
    0.6477,
    -0.109,
    0.0296,
    0.0185,
    0.0,
    0.014,
    -0.0851,
    0.0898
  ],
  "rewards": [
    0.5,
    -6.5,
    -4.5,
    -4.5,
    9.375,
    -7.5,
    -3.5,
    -7.5,
    -2.625,
    -4.5,
    0.625,
    -3.5,
    -6.5,
    4.125,
    9.875,
    0.0,
    -5.5,
    -3.5,
    -2.375,
    -2.5,
    8.0,
    11.5,
    -1.0,
    4.75,
    10.125,
    0.5,
    -7.5,
    -2.5,
    -1.125,
    5.0
  ],
  "kls": [
    0.0,
    0.0,
    0.006437055766582489,
    0.007001329679042101,
    0.0032435881439596415,
    0.00288483127951622,
    0.0062899235635995865,
    0.0008946225862018764,
    0.0027981880120933056,
    0.0029807849787175655,
    0.00796814076602459,
    0.001598043367266655,
    0.003610937623307109,
    0.0050869532860815525,
    0.0019661628175526857,
    0.0062008751556277275,
    0.003240604419261217,
    0.00907122902572155,
    0.00969112291932106,
    0.006743168458342552,
    0.00867636501789093,
    0.004581788554787636,
    0.007497473154217005,
    0.007104712072759867,
    0.00291788624599576,
    0.011633609421551228,
    0.0014683930203318596,
    0.006795317865908146,
    0.005157058592885733,
    0.003586029401049018
  ],
  "grad_norms": [
    0.0,
    0.6121569275856018,
    0.5873263478279114,
    0.4428107738494873,
    0.9299039244651794,
    0.0014747647801414132,
    0.6682185530662537,
    0.00014817823830526322,
    0.2690228223800659,
    0.4899609088897705,
    0.46429336071014404,
    0.0002485642035026103,
    0.4754463732242584,
    0.7229195237159729,
    0.49645838141441345,
    0.3055652379989624,
    0.3895750939846039,
    0.5219303369522095,
    0.3664180636405945,
    0.453957200050354,
    0.5753984451293945,
    0.001453780336305499,
    0.45908382534980774,
    1.2539762258529663,
    0.6490684747695923,
    0.6853195428848267,
    0.0011842504609376192,
    0.6820011734962463,
    0.42553478479385376,
    0.259000688791275
  ],
  "step_times_ms": [
    47513.93520901911,
    26899.73210898461,
    41262.48180796392,
    66495.43262599036,
    10969.204296008684,
    60708.51903402945,
    19134.767919022124,
    41297.174014966,
    61718.76015001908,
    46218.60432100948,
    63510.61685796594,
    10268.670362012926,
    43201.109810965136,
    22460.022343031596,
    21824.53149399953,
    27588.505985040683,
    44275.010473967995,
    60585.87563998299,
    60958.746705029625,
    60960.08875203552,
    20987.195259018335,
    13986.805958964396,
    60834.94512201287,
    27714.821267989464,
    16654.144487984013,
    23337.049510038923,
    29055.362954968587,
    28389.59298102418,
    43584.85947694862,
    60590.078279026784
  ],
  "peak_memory_gb": 10.659695148468018,
  "logs_path": "logs/grpo_fi_false_30.json"
}