{
  "backend": "cb_paged",
  "max_steps": 30,
  "train_wall_s": 1564.461075181025,
  "median_step_ms_post_warmup": 39820.741517003626,
  "n_logged_steps": 30,
  "sampling": {
    "temperature": 0.1,
    "top_p": 0.97,
    "min_p": 0.5,
    "top_k": 5
  },
  "losses": [
    -0.0862,
    0.041,
    0.1442,
    0.4175,
    0.0106,
    0.0,
    -0.053,
    -0.0433,
    0.0257,
    0.1615,
    0.2728,
    0.5823,
    0.0,
    0.2309,
    0.2529,
    -0.0039,
    0.0829,
    0.3114,
    0.0053,
    0.0803,
    0.0498,
    -0.0079,
    -0.0559,
    0.0286,
    0.1726,
    0.4091,
    -0.102,
    -0.0477,
    0.1184,
    0.2766
  ],
  "rewards": [
    0.625,
    -2.5,
    -1.5,
    -5.5,
    0.0,
    -7.5,
    -4.5,
    -3.0,
    -4.5,
    -3.5,
    -5.25,
    -5.5,
    -3.5,
    -2.0,
    -1.375,
    6.75,
    -0.375,
    -6.5,
    -1.125,
    -1.5,
    5.125,
    9.875,
    2.625,
    -4.5,
    9.875,
    -3.625,
    -6.5,
    -5.0,
    -3.5,
    -0.625
  ],
  "kls": [],
  "grad_norms": [
    716.0,
    184.0,
    664.0,
    632.0,
    36.25,
    0.0,
    78.5,
    418.0,
    51.75,
    330.0,
    244.0,
    920.0,
    0.0,
    380.0,
    368.0,
    57.0,
    185.0,
    296.0,
    134.0,
    252.0,
    326.0,
    101.0,
    213.0,
    128.0,
    78.0,
    276.0,
    290.0,
    752.0,
    576.0,
    800.0
  ],
  "step_times_ms": [
    55554.10714598838,
    29354.5744830044,
    38962.64252299443,
    91278.88684801292,
    12430.784016032703,
    90694.74714196986,
    30823.07043799665,
    37861.39360797824,
    18964.377576019615,
    55770.05596697563,
    63336.94338303758,
    88045.46197201125,
    25137.27058301447,
    32668.75728900777,
    89534.06670497498,
    30537.121773988474,
    90275.84768499946,
    91312.23277695244,
    22925.990092975553,
    39714.41951999441,
    35041.47868498694,
    22683.228761015926,
    29075.48440602841,
    39820.741517003626,
    25694.13814501604,
    90294.3110250053,
    56216.15647501312,
    47257.37831299193,
    90669.61020795861,
    91291.07107501477
  ],
  "peak_memory_gb": 61.89242887496948,
  "logs_path": "logs/grpo_cb_paged_30.json"
}