{
  "backend": "cb_paged",
  "max_steps": 10,
  "train_wall_s": 466.01091928296955,
  "median_step_ms_post_warmup": 36016.123837034684,
  "n_logged_steps": 10,
  "sampling": {
    "temperature": 0.1,
    "top_p": 0.97,
    "min_p": 0.5,
    "top_k": 5
  },
  "losses": [
    -0.0862,
    0.041,
    0.0,
    0.0855,
    0.0162,
    0.0,
    0.0736,
    -0.0475,
    -0.1881,
    0.0444
  ],
  "rewards": [
    0.625,
    -2.5,
    0.5,
    -1.5,
    0.0,
    -7.5,
    1.5,
    -4.25,
    -1.5,
    -6.5
  ],
  "kls": [],
  "grad_norms": [
    716.0,
    186.0,
    0.0,
    274.0,
    143.0,
    0.0,
    74.0,
    97.0,
    274.0,
    236.0
  ],
  "step_times_ms": [
    56644.44096497027,
    29505.720576969907,
    62939.08593803644,
    49076.82833302533,
    18123.881562962197,
    92771.2398529984,
    30032.14380296413,
    36016.123837034684,
    35705.52668598248,
    53879.347916983534
  ],
  "peak_memory_gb": 55.57105255126953,
  "logs_path": "logs/grpo_cb_paged_10.json"
}