{
  "backend": "vllm",
  "max_steps": 10,
  "train_wall_s": 74.41919421299826,
  "median_step_ms_post_warmup": 4138.088690000586,
  "n_logged_steps": 10,
  "sampling": {
    "temperature": 0.1,
    "top_p": 0.97,
    "min_p": 0.5,
    "top_k": 5
  },
  "losses": [
    0.0305,
    -0.1941,
    0.2632,
    -0.2013,
    0.2093,
    0.0,
    0.0371,
    0.0,
    0.0,
    0.2052
  ],
  "rewards": [
    0.0,
    -2.5,
    -3.625,
    0.0,
    0.375,
    -7.5,
    1.5,
    -7.5,
    0.5,
    -3.5
  ],
  "kls": [
    0.0,
    0.0,
    0.011923530139029026,
    0.004221913404762745,
    0.003692739875987172,
    0.0025038770399987698,
    0.006138760130852461,
    0.004652692936360836,
    0.0017617446137592196,
    0.001998987514525652
  ],
  "grad_norms": [
    0.4133029878139496,
    0.8333088159561157,
    0.4677680730819702,
    0.5163940191268921,
    1.160618782043457,
    0.0007444396032951772,
    2.262518882751465,
    0.001562082557938993,
    0.00027447607135400176,
    0.4320540428161621
  ],
  "step_times_ms": [
    17984.56621397054,
    6704.717919987161,
    12108.133931003977,
    4019.3081409670413,
    3241.851194994524,
    10860.668059962336,
    4138.088690000586,
    4177.52773797838,
    3263.2006779895164,
    6874.866564990953
  ],
  "peak_memory_gb": 157.94607162475586,
  "logs_path": "logs/grpo_vllm_10.json"
}