{
  "backend": "unsloth_fi_false",
  "max_steps": 10,
  "train_wall_s": 355.41431403998286,
  "median_step_ms_post_warmup": 23948.13355000224,
  "n_logged_steps": 10,
  "sampling": {
    "temperature": 0.1,
    "top_p": 0.97,
    "min_p": 0.5,
    "top_k": 5
  },
  "losses": [
    0.0,
    -0.0893,
    -0.1386,
    -0.1236,
    0.0,
    0.0,
    -0.0097,
    0.0338,
    0.0,
    0.2036
  ],
  "rewards": [
    0.5,
    -6.5,
    -2.5,
    -2.5,
    0.5,
    -7.5,
    -5.5,
    -5.25,
    0.5,
    -2.5
  ],
  "kls": [
    0.0,
    0.0,
    0.008573448285460472,
    0.009312103502452374,
    0.002130241831764579,
    0.0007094849133864045,
    0.005215016193687916,
    0.0001442090724594891,
    0.010901343077421188,
    0.00215436820872128
  ],
  "grad_norms": [
    0.0,
    0.6125104427337646,
    0.5993297696113586,
    0.5647851228713989,
    0.0010538548231124878,
    0.00012166703527327627,
    0.9194015860557556,
    0.5346357822418213,
    0.0033828848972916603,
    0.22472381591796875
  ],
  "step_times_ms": [
    77897.29859499494,
    21634.983669035137,
    40298.14357904252,
    26193.765547999647,
    9324.433026020415,
    61652.94101298787,
    18906.7719859886,
    23948.13355000224,
    11388.401818985585,
    61737.33338096645
  ],
  "peak_memory_gb": 10.663622856140137,
  "logs_path": "logs/grpo_unsloth_fi_false_10.json"
}